,deployment_code,pi_code,process,public,country,task_done,first_version,last_version,start_date,end_date,start_date_jul,description,gts
wd04,wd04,HINDELL,1,1,AUSTRALIA,,MEOP-CTD_2016-07-12,MEOP-CTD_2024-03-08,03/26/0011,10/08/0011,4103,AWRU Weddell seals Davis 2011,N
awru1,awru1,HINDELL,1,1,AUSTRALIA,,MEOP-CTD_2015-05-31,MEOP-CTD_2024-03-08,02/12/0007,10/03/0007,2600,AWRU Weddell seals Davis 2007,N
ct149,ct149,HINDELL,1,1,AUSTRALIA,,MEOP-CTD_2021-11-26,MEOP-CTD_2024-03-08,12/20/0018,NaT,6929,UTAS ARC discovery CTD 2019,Y
ct2,ct2,HINDELL,1,1,AUSTRALIA,,MEOP-CTD_2015-05-31,MEOP-CTD_2024-03-08,01/20/0004,08/01/0004,1481,Macquarie CTD 2004,N
ct36,ct36,HINDELL,1,1,AUSTRALIA,,MEOP-CTD_2015-05-31,MEOP-CTD_2024-03-08,12/26/0008,03/01/0009,3283,Hindell CTD,N
ct38w,ct38w,HINDELL,1,1,AUSTRALIA,,MEOP-CTD_2015-05-31,MEOP-CTD_2024-03-08,02/21/0008,01/01/0009,2974,Weddell seals CTD 2008,Y
ct47,ct47,HINDELL,1,1,AUSTRALIA,,MEOP-CTD_2015-05-31,MEOP-CTD_2024-03-08,02/08/0009,08/01/0009,3327,Weddell seals CTD 2009,Y
ct6,ct6,HINDELL,1,1,AUSTRALIA,,MEOP-CTD_2015-05-31,MEOP-CTD_2024-03-08,01/01/0005,11/29/0005,1828,Macquarie CTD 2005,N
ct75,ct75,HINDELL,1,1,AUSTRALIA,,MEOP-CTD_2015-05-31,MEOP-CTD_2024-03-08,10/02/0011,01/01/0013,4293,Weddell seals CTD 2011,Y
ft24,ft24,HINDELL,1,1,AUSTRALIA,,MEOP-CTD_2021-11-26,MEOP-CTD_2024-03-08,12/20/0018,NaT,6929,ARC Discovery 2018,Y
wd1,wd1,HINDELL,1,1,AUSTRALIA,,MEOP-CTD_2015-05-31,MEOP-CTD_2024-03-08,02/14/0006,11/01/0006,2237,,
wd3,wd3,HINDELL,1,1,AUSTRALIA,,MEOP-CTD_2015-07-01,MEOP-CTD_2024-03-08,02/20/0007,06/01/0007,2608,Weddell seals CTD 2007,N
ct119,ct119,IMOS,1,1,AUSTRALIA,,MEOP-CTD_2017-11-11,MEOP-CTD_2024-03-08,01/16/0016,NaT,5860,IMOS Ross Sea Weddell seals 2015,Y
ct122,ct122,IMOS,1,1,AUSTRALIA,,MEOP-CTD_2017-11-11,MEOP-CTD_2024-03-08,01/01/0016,12/01/0016,5845,IMOS Kerguelen 2016,Y
ct128,ct128,IMOS,1,1,AUSTRALIA,,MEOP-CTD_2017-11-11,MEOP-CTD_2024-03-08,11/15/0017,NaT,6529,Weddell Sea refurbished CTD 2017,Y
ct128a,ct128a,IMOS,1,1,AUSTRALIA,,MEOP-CTD_2018-04-10,MEOP-CTD_2024-03-08,03/02/0017,08/01/0017,6271,Weddell Sea refurbished CTD 2016,Y
ct134,ct134,IMOS,1,1,AUSTRALIA,,MEOP-CTD_2017-11-11,MEOP-CTD_2024-03-08,02/15/0017,02/01/0017,6256,IMOS Davis ellies 2017,Y
ct135,ct135,IMOS,1,1,AUSTRALIA,,MEOP-CTD_2017-11-11,MEOP-CTD_2024-03-08,01/10/0017,06/01/0017,6220,IMOS Kerguelen ellies 2017,Y
ct140,ct140,IMOS,1,1,AUSTRALIA,,MEOP-CTD_2021-11-26,MEOP-CTD_2024-03-08,11/20/0017,NaT,6534,IMOS Kerguelen 2018,Y
ct144,ct144,IMOS,1,1,AUSTRALIA,,MEOP-CTD_2021-11-26,MEOP-CTD_2024-03-08,10/10/0018,NaT,6858,IMOS Kerguelen 2018,Y
ct148,ct148,IMOS,1,1,AUSTRALIA,,MEOP-CTD_2021-11-26,MEOP-CTD_2024-03-08,12/20/0018,NaT,6929,IMOS Kerguelen 2019,Y
ct150,ct150,IMOS,1,1,AUSTRALIA,,MEOP-CTD_2021-11-26,MEOP-CTD_2024-03-08,11/20/0018,NaT,6899,NIWA Weddell Ross Sea  CTD 2019,Y
ct100,ct100,IMOS,1,1,AUSTRALIA,,MEOP-CTD_2015-05-31,MEOP-CTD_2024-03-08,02/21/0013,11/30/0014,4801,IMOS CTD Campbell Island 2013,Y
ct101,ct101,IMOS,1,1,AUSTRALIA,,MEOP-CTD_2017-11-11,MEOP-CTD_2024-03-08,05/22/0013,08/01/0014,4891,Oz/NZ fur seals 2013,Y
ct108,ct108,IMOS,1,1,AUSTRALIA,,MEOP-CTD_2015-05-31,MEOP-CTD_2024-03-08,07/15/0014,12/31/0014,5310,Campbell Island refurbished 2014,Y
ct109,ct109,IMOS,1,1,AUSTRALIA,,MEOP-CTD_2015-05-31,MEOP-CTD_2024-03-08,12/06/0014,02/03/0016,5454,IMOS Kerguelen 2014,Y
ct110,ct110,IMOS,1,1,AUSTRALIA,,MEOP-CTD_2017-11-11,MEOP-CTD_2024-03-08,07/31/0014,04/01/0015,5326,Oz/NZ fur seals Montague Island  2014,Y
ct111,ct111,IMOS,1,1,AUSTRALIA,,MEOP-CTD_2015-05-31,MEOP-CTD_2024-03-08,10/20/0014,NaT,5407,DdU Weddell seals 2014,Y
ct116,ct116,IMOS,1,1,AUSTRALIA,,MEOP-CTD_2017-11-11,MEOP-CTD_2024-03-08,01/10/0016,07/01/0016,5854,IMOS Davis ellies 2016,Y
ct64,ct64,IMOS,1,1,AUSTRALIA,,MEOP-CTD_2015-05-31,MEOP-CTD_2024-03-08,01/01/0010,12/01/0010,3654,IMOS Macca/Casey CTD 2010,Y
ct77,ct77,IMOS,1,1,AUSTRALIA,,MEOP-CTD_2015-05-31,MEOP-CTD_2024-03-08,01/01/0012,11/01/0012,4384,IMOS CTD Casey 2012,Y
ct78,ct78,IMOS,1,1,AUSTRALIA,,MEOP-CTD_2015-05-31,MEOP-CTD_2024-03-08,01/01/0012,11/01/0012,4384,IMOS CTD Davis 2012,Y
ct78d,ct78d,IMOS,1,1,AUSTRALIA,,MEOP-CTD_2017-11-11,MEOP-CTD_2024-03-08,02/22/0011,03/01/0012,4071,IMOS CTD Davis 2011,Y
ct79,ct79,IMOS,1,1,AUSTRALIA,,MEOP-CTD_2015-05-31,MEOP-CTD_2024-03-08,01/25/0012,12/01/0012,4408,IMOS CTD Campbell Island 2012,Y
ct85,ct85,IMOS,1,1,AUSTRALIA,,MEOP-CTD_2015-05-31,MEOP-CTD_2024-03-08,01/27/0014,12/04/0014,5141,IMOS Scott Base 2014,Y
ct91,ct91,IMOS,1,1,AUSTRALIA,,MEOP-CTD_2017-11-11,MEOP-CTD_2024-03-08,06/11/0012,01/01/0013,4546,Oz/NZ fur seals 2012,Y
ct96,ct96,IMOS,1,1,AUSTRALIA,,MEOP-CTD_2015-05-31,MEOP-CTD_2024-03-08,02/05/0013,02/01/0014,4785,IMOS Kerguelen Feb 2013,Y
ct98,ct98,IMOS,1,1,AUSTRALIA,,MEOP-CTD_2015-05-31,MEOP-CTD_2024-03-08,12/25/0013,12/31/0014,5108,IMOS Kerguelen Feb Mar 2014,Y
ct123,ct123,SARDI,1,1,AUSTRALIA,,MEOP-CTD_2017-11-11,MEOP-CTD_2024-03-08,12/05/0015,NaT,5818,SARDI sea lions 2015/16,Y
ct136,ct136,SARDI,1,1,AUSTRALIA,,MEOP-CTD_2017-11-11,MEOP-CTD_2024-03-08,02/20/0017,NaT,6261,SARDI sea lions 2017,Y
ct142,ct142,SARDI,1,1,AUSTRALIA,,MEOP-CTD_2021-11-26,MEOP-CTD_2024-03-08,12/04/0017,NaT,6548,SARDI sea lions 2018,Y
ct106,ct106,SARDI,1,1,AUSTRALIA,,MEOP-CTD_2017-11-11,MEOP-CTD_2024-03-08,11/22/0013,02/03/0016,5075,SARDI sea lions 2013/14,Y
ct115,ct115,SARDI,1,1,AUSTRALIA,,MEOP-CTD_2017-11-11,MEOP-CTD_2024-03-08,12/08/0014,06/01/0015,5456,SARDI sea lions 2014/15,Y
ct31,ct31,SARDI,1,1,AUSTRALIA,,MEOP-CTD_2017-11-11,MEOP-CTD_2024-03-08,04/01/0007,07/01/0007,2648,Australian sea lion CTD,N
ct61,ct61,SARDI,1,1,AUSTRALIA,,MEOP-CTD_2017-11-11,MEOP-CTD_2024-03-08,12/09/0009,06/14/0010,3631,SARDI sea lions 2009/10,Y
ct76,ct76,SARDI,1,1,AUSTRALIA,,MEOP-CTD_2017-11-11,MEOP-CTD_2024-03-08,02/06/0011,06/01/0011,4055,SARDI sea lions 2011,Y
ct86,ct86,SARDI,1,1,AUSTRALIA,,MEOP-CTD_2017-11-11,MEOP-CTD_2024-03-08,12/01/0011,03/01/0012,4353,SARDI sea lions 2011/12,Y
ft13,ft13,SARDI,1,1,AUSTRALIA,,MEOP-CTD_2017-11-11,MEOP-CTD_2024-03-08,04/03/0013,05/28/0013,4842,SARDI fluoro 2012/13,Y
ft19,ft19,SARDI,1,1,AUSTRALIA,,MEOP-CTD_2017-11-11,MEOP-CTD_2024-03-08,12/08/0014,06/01/0015,5456,SARDI fluoro 2012/13,Y
ct156,ct156,IMOS,1,1,AUSTRALIA,,MEOP-CTD_2024-03-08,MEOP-CTD_2024-03-08,NaT,NaT,NaN,NIWA Weddell Ross Sea  CTD 2020,Y
ct157,ct157,IMOS,1,1,AUSTRALIA,,MEOP-CTD_2024-03-08,MEOP-CTD_2024-03-08,NaT,NaT,NaN,IMOS Kerguelen 2020,Y
ct160,ct160,IMOS,1,1,AUSTRALIA,,MEOP-CTD_2024-03-08,MEOP-CTD_2024-03-08,NaT,NaT,NaN,IMOS Kerguelen late 2020,Y
ct164,ct164,IMOS,1,1,AUSTRALIA,,MEOP-CTD_2024-03-08,MEOP-CTD_2024-03-08,NaT,NaT,NaN,IMOS Kerguelen late 2021,Y
ct170,ct170,IMOS,1,1,AUSTRALIA,,MEOP-CTD_2024-03-08,MEOP-CTD_2024-03-08,NaT,NaT,NaN,IMOS Kerguelen 2022,Y
ft33,ft33,HINDELL,1,1,AUSTRALIA,,MEOP-CTD_2024-03-08,MEOP-CTD_2024-03-08,NaT,NaT,NaN,Elephant seal Fluoro 2022 (10),Y
ft34,ft34,HINDELL,1,1,AUSTRALIA,,MEOP-CTD_2024-03-08,MEOP-CTD_2024-03-08,NaT,NaT,NaN,Elephant seal Fluoro 2022 (11),A
ct176,ct176,IMOS,1,1,AUSTRALIA,,MEOP-CTD_2024-03-08,MEOP-CTD_2024-03-08,NaT,NaT,NaN,IMOS DD 2024,Y
ct22,ct22,MUELBERT,1,1,BRAZIL,,MEOP-CTD_2015-05-31,MEOP-CTD_2024-03-08,11/01/0008,04/01/0012,3228,Elephant Island 2008/9,N
ct39,ct39,MUELBERT,1,1,BRAZIL,,MEOP-CTD_2015-05-31,MEOP-CTD_2024-03-08,01/20/0008,12/01/0008,2942,Monica Muelbert,Y
ct46,ct46,MUELBERT,1,1,BRAZIL,,MEOP-CTD_2015-05-31,MEOP-CTD_2024-03-08,01/01/0009,06/01/0009,3289,Monica Muelbert,Y
ct56,ct56,MUELBERT,1,1,BRAZIL,,MEOP-CTD_2015-05-31,MEOP-CTD_2024-03-08,11/19/0009,06/01/0010,3611,Elephant Island 2010,Y
ct55,ct55,HAMMILL,1,1,CANADA,,MEOP-CTD_2015-05-31,MEOP-CTD_2024-03-08,03/21/0010,07/01/0010,3733,Bluebacks CTD 2010,Y
hd2bb,hd2bb,HAMMILL,1,1,CANADA,,MEOP-CTD_2016-07-12,MEOP-CTD_2024-03-08,03/19/0004,03/12/0005,1540,bluebacks front 2004,N
hd2f,hd2f,HAMMILL,1,1,CANADA,,MEOP-CTD_2017-11-11,MEOP-CTD_2024-03-08,03/19/0004,01/03/0005,1540,hoods front 2004,N
hd2g,hd2g,HAMMILL,1,1,CANADA,,MEOP-CTD_2016-07-12,MEOP-CTD_2024-03-08,07/24/0004,06/27/0005,1667,Hoods greenland 2004,N
hd3,hd3,HAMMILL,1,1,CANADA,,MEOP-CTD_2016-07-12,MEOP-CTD_2024-03-08,03/27/0008,06/21/0009,3009,Stenson Hoods 2008,N
hd5bb,hd5bb,HAMMI,,,,,,,2006-03-18,2006-12-09,,bluebacks front 2006,N
ct21,ct21,AWI,1,0,UNKNOWN,,,,2007-03-24,2007-12-31,,AWI CTD 2006,N
ct32,ct32,NPOLAR,1,0,UNKNOWN,,,,2007-07-14,2008-06-01,,MEOP CTD (hoods),Y
ct30,ct30,COSTA,1,0,UNKNOWN,,,,2007-05-30,2008-01-31,,Costa CTD rep,Y
ct27x,ct27x,NICHOLLS,1,0,UNKNOWN,,,,2007-02-27,2008-01-01,,Ellie 2007,N
ct29,ct29,COSTA,1,0,UNKNOWN,,,,2007-04-21,2008-08-01,,Costa CTD Q145,Y
ct25,ct25,COSTA,1,0,UNKNOWN,,,,2007-01-01,2008-01-01,,Cape Shirreff CTD 2007,N
ct26,ct26,XTOPHE,1,0,UNKNOWN,,,,2007-02-12,2016-03-11,,Extra CTD 2007,N
ct23,ct23,XTOPHE,1,0,UNKNOWN,,,,2006-12-01,2008-01-05,,Kerguelen 2007,N
ct33,ct33,BESTER,1,0,UNKNOWN,,,,2008-01-07,2008-11-06,,Marion CTD 2007,Y
ct34,ct34,NPOLAR,1,0,UNKNOWN,,,,2008-01-01,2009-01-01,,MEOP CTD (ellies),Y
ct35,ct35,AWI,1,0,UNKNOWN,,,,2007-10-26,2008-03-01,,AWI Marion CTD late 2007,Y
ct38e,ct38e,XTOPHE,1,0,UNKNOWN,,,,2007-12-20,2008-10-01,,Kerguelen ellies,Y
ct42,ct42,AWI,1,0,UNKNOWN,,,,2008-04-02,2008-08-01,,Marion CTD 2008,Y
ct41,ct41,COSTA,1,0,UNKNOWN,,,,2008-02-01,2009-04-01,,Costa northern ellie CTD,N
ct32x,ct32x,NPOLAR,1,0,UNKNOWN,,,,2008-03-21,2009-06-01,,MEOP CTD (hoods),Y
ct43,ct43,NICHOLLS,1,0,UNKNOWN,,,,2009-02-05,2009-12-01,,BAS CTD 2009,N
ct131,ct131,XTOPHE,1,0,UNKNOWN,,,,2016-10-20,2017-02-28,,Kerguelen refurbished 2016,Y
ct23x,ct23x,XTOPHE,1,0,UNKNOWN,,,,2008-12-01,2009-09-01,,Kerguelen rebatteried CTD,N
ct44,ct44,AWI,1,0,UNKNOWN,,,,2008-11-10,2009-07-01,,AWI Neumayer CTD 2008,N
ct45,ct45,FEDAK,1,0,UNKNOWN,,,,2008-10-10,2009-12-01,,Lars short deployment,Y
ft02,ft02,XTOPHE,1,0,UNKNOWN,,,,2008-12-18,2009-10-01,,Fluoro early 2009,Y
ct35x,ct35x,AWI,1,0,UNKNOWN,,,,2008-11-02,2009-03-01,,AWI Marion CTD late 2008,Y
ct35b,ct35b,AWI,1,0,UNKNOWN,,,,2008-02-10,2008-09-01,,AWI Marion CTD early 2008,Y
ct48,ct48,COSTA,1,0,UNKNOWN,,,,2009-01-18,2009-12-25,,Cape Shirreff CTD 2009,Y
ct49,ct49,FEDAK,1,0,UNKNOWN,,,,2009-01-28,2010-01-20,,South Georgia 2009,Y
ct1,ct1,FEDAK,1,0,UNKNOWN,,,,2004-01-29,2005-10-08,,South Georgia 2004,N
ct8,ct8,FEDAK,1,0,UNKNOWN,,,,2005-01-10,2006-02-01,,South Georgia 2005,Y
ct50,ct50,AWI,1,0,UNKNOWN,,,,2009-02-09,2009-12-01,,Marion CTD 2009,Y
ct51,ct51,COSTA,1,0,UNKNOWN,,,,2009-02-18,2009-06-01,,Northern ellie CTD 2009,Y
wd09,wd09,UNKNOWN,1,0,UNKNOWN,,,,2017-02-18,2019-08-02,,Weddell seals CTD 2017,Y
NW02,NW02,GRONLAND,1,0,UNKNOWN,,,,2017-04-05,,,Narwhal CTD 2017,Y
ft03,ft03,XTOPHE,1,0,UNKNOWN,,,,2009-10-01,2010-04-01,,Fluoro late 2009,Y
ct52,ct52,NPOLAR,1,0,UNKNOWN,,,,2009-09-01,2010-07-30,,Harbour seal CTD 2009,Y
ct53,ct53,COSTA,1,0,UNKNOWN,,,,2009-05-01,2010-01-30,,Northern ellie CTD 2009,Y
ct54,ct54,AWI,1,0,UNKNOWN,,,,2010-03-18,2011-04-21,,CTD 2010,Y
ct57,ct57,GOEBEL,1,0,UNKNOWN,,,,2010-02-20,2011-09-01,,AMLR Leopard/Weddell seals CTD 2010,Y
ct58,ct58,FEDAK,1,0,UNKNOWN,,,,2009-10-20,2010-07-01,,SMRU South Georgia 2010,Y
ct59,ct59,SPRINGER,1,0,UNKNOWN,,,,2009-10-21,2010-05-30,,Alan Springer Alaska,Y
ct62,ct62,XTOPHE,1,0,UNKNOWN,,,,2010-02-01,2018-01-01,,Kerguelen ellies,Y
ft04,ft04,XTOPHE,1,0,UNKNOWN,,,,2010-02-08,2018-01-01,,Fluoro 2010,Y
ct133,ct133,GAO,1,0,UNKNOWN,,,,2017-02-01,2023-06-01,,Southern ellie/Weddell CTD 2017,Y
ct65,ct65,FEDAK,1,0,UNKNOWN,,,,2010-02-24,2011-01-01,,SMRU Falklands 2010,Y
ct67,ct67,COSTA,1,0,UNKNOWN,,,,2010-03-22,2010-08-01,,Northern ellie CTD 2010,Y
ct69,ct69,NPOLAR,1,0,UNKNOWN,,,,2010-08-23,2011-08-01,,Harbour seal CTD 2010,Y
ct68,ct68,AWI,1,0,UNKNOWN,,,,2010-01-10,2010-05-01,,Marion CTD 2010,Y
ft05,ft05,NPOLAR,1,0,UNKNOWN,,,,2010-07-18,2011-03-16,,Norsk Polar Ringed seals Fluoro  2010,Y
ct70,ct70,NICHOLLS,1,0,UNKNOWN,,,,2011-02-06,2011-12-09,,BAS CTD 2011,Y
ct71,ct71,HOLLAND,1,0,UNKNOWN,,,,2010-08-31,2012-06-01,,Ringed seal CTD 2010,Y
ft06,ft06,XTOPHE,1,0,UNKNOWN,,,,2010-09-05,2011-02-10,,Fluoro 2010 bis,Y
ct73,ct73,AWI,1,0,UNKNOWN,,,,2011-01-15,2012-01-01,,AWI Marion CTD 2011,Y
DL02,DL02,UNKNOWN,1,0,UNKNOWN,,,,2018-10-01,,,Beluga CTD/SRDL 2016,Y
BM02,BM02,AFGAME,1,0,UNKNOWN,,,,2017-08-16,,,Bowhead Alaska 2017,N
ct138,ct138,NPOLAR,1,0,UNKNOWN,,,,2017-08-10,2018-06-01,,Ringed seal GPS/CTD 2017,Y
rs31,rs31,HOLLAND,1,0,UNKNOWN,,,,2017-07-15,,,Ringed seal GPS/CTD 2017,Y
ct139,ct139,XTOPHE,1,0,UNKNOWN,,,,2017-10-01,2019-06-11,,Kerguelen 2017,Y
rs32,rs32,AQQALU,1,0,UNKNOWN,,,,2017-08-20,2018-05-01,,Ringed seal 2017,Y
ct141,ct141,NPOLAR,1,0,UNKNOWN,,,,2017-12-22,2018-12-30,,Bouvet ellies 2018,Y
wd10,wd10,UNKNOWN,1,0,UNKNOWN,,,,2017-11-08,2018-01-01,,Weddell seals CTD 2018,Y
ft21,ft21,COSTA,1,0,UNKNOWN,,,,2018-02-01,2018-05-15,,Fluoro 2018,Y
hd08,hd08,UNKNOWN,1,0,UNKNOWN,,,,2018-03-07,2018-09-01,,Hooded seal 2018,Y
ct143,ct143,GOEBEL,1,0,UNKNOWN,,,,2018-04-20,2024-10-15,,AMLR Weddell seals CTD 2018,Y
ct145,ct145,COSTA,1,0,UNKNOWN,,,,2018-06-01,2024-10-15,,Refurb CTD 2018,Y
ct146,ct146,SANDRA,1,0,UNKNOWN,,,,2018-07-01,2019-11-05,,CTD 2018,Y
BM03,BM03,AFGAME,1,0,UNKNOWN,,,,2018-09-01,2024-10-15,,Bowhead Alaska 2018,N
ft14,ft14,XTOPHE,1,0,UNKNOWN,,,,2013-10-28,2014-02-01,,Rebatteried fluoro 2013,Y
ct147,ct147,LARS,1,0,UNKNOWN,,,,2019-02-10,2019-12-20,,TARSAN CTD 2018,Y
rs34,rs34,HOLLAND,1,0,UNKNOWN,,,,2018-07-25,2020-04-20,,Ringed seal GPS/CTD 2018,Y
ft22,ft22,XTOPHE,1,0,UNKNOWN,,,,2018-10-16,2019-08-19,,Fluoro 2018,Y
ft23,ft23,XTOPHE,1,0,UNKNOWN,,,,2018-10-20,2019-03-01,,Peninsula Valdes 2018,Y
ft07,ft07,XTOPHE,1,0,UNKNOWN,,,,2011-01-21,2015-07-10,,Fluoro 2011,Y
ct80,ct80,OHSHIMA,1,0,UNKNOWN,,,,2011-02-16,2014-08-01,,Keiichiro Ohshima CTD,Y
ft09,ft09,COSTA,1,0,UNKNOWN,,,,2011-06-04,2012-01-01,,Sam/Luis fluoro tests,Y
ct81,ct81,NPOLAR,1,0,UNKNOWN,,,,2011-07-19,2012-06-10,,Bearded seal CTD/GPS 2011,Y
ft10,ft10,XTOPHE,1,0,UNKNOWN,,,,2011-10-02,2012-03-01,,Fluoro 2011 bis,Y
ct82,ct82,XTOPHE,1,0,UNKNOWN,,,,2011-10-10,2012-03-31,,Kerguelen ellies,Y
ct83,ct83,GOEBEL,1,0,UNKNOWN,,,,2014-03-03,2014-06-24,,AMLR Weddell seals CTD 2014,Y
ct89,ct89,BLOCK,1,0,UNKNOWN,,,,2012-02-15,2013-01-10,,Northern ellie CTD 2012,Y
ct84,ct84,XTOPHE,1,0,UNKNOWN,,,,2011-10-10,2016-03-14,,Kerguelen ellies Feb 2012 refurbished,N
ct27,ct27,NICHOLLS,1,0,UNKNOWN,,,,2007-02-11,2008-01-01,,Weddell seals 2007,N
ct87,ct87,AWI,1,0,UNKNOWN,,,,2012-04-25,2013-03-01,,AWI Marion CTD 2012,Y
ft01,ft01,XTOPHE,1,0,UNKNOWN,,,,2007-12-18,2008-08-01,,Fluoro prototypes 2008,Y
ct88,ct88,COSTA,1,0,UNKNOWN,,,,2012-01-23,2012-12-30,,Weddell Seal CTD Jan 2012,Y
ft11,ft11,XTOPHE,1,0,UNKNOWN,,,,2012-02-05,2015-04-02,,Fluoro 2012 rebatteried,N
ft08,ft08,NPOLAR,1,0,UNKNOWN,,,,2011-07-18,2012-03-01,,Norsk Polar Ringed seals Fluoro  2011,Y
ct90,ct90,BESTER,1,0,UNKNOWN,,,,2012-10-31,2013-02-01,,Marion refurb CTD Oct 2012,Y
ct28,ct28,COSTA,1,0,UNKNOWN,,,,2007-02-23,2008-06-01,,Other CTD 2007,N
ct18,ct18,STENSON,1,0,UNKNOWN,,,,2007-07-01,2009-11-01,,Hoods Greenland CTD 2007,N
ct37,ct37,COSTA,1,0,UNKNOWN,,,,2007-08-28,2013-01-01,,Costa southern ellie CTD,Y
ct63,ct63,COSTA,1,0,UNKNOWN,,,,2010-01-01,2011-01-01,,Weddell Seal CTD 2010,Y
ct74,ct74,COSTA,1,0,UNKNOWN,,,,2011-01-21,2011-12-16,,Weddell Seal CTD Nov 2010,Y
NW01,NW01,GRONLAND,1,0,UNKNOWN,,,,2016-08-24,2017-03-01,,Narwhal CTD 2016,Y
ct40,ct40,FEDAK,1,0,UNKNOWN,,,,2008-01-25,2009-01-01,,Lars,Y
ct92,ct92,NPOLAR,1,0,UNKNOWN,,,,2012-08-14,2016-03-14,,Bearded seal GPS/CTD 2012,Y
ct93,ct93,NPOLAR,1,0,UNKNOWN,,,,2012-07-29,2013-06-01,,Ringed seal CTD 2012,Y
ct94,ct94,NPOLAR,1,0,UNKNOWN,,,,2012-08-15,2013-06-01,,Ringed seal GPS/CTD 2012,Y
BM01,BM01,AFGAME,1,0,UNKNOWN,,,,2012-09-22,2012-11-01,,Bowhead Alaska 2012,N
rs14,rs14,HOLLAND,1,0,UNKNOWN,,,,2012-09-14,2013-04-01,,Ringed seal GPS/CTD 2012,Y
rs15,rs15,HOLLAND,1,0,UNKNOWN,,,,2012-08-28,2014-12-01,,Ringed seal CTD 2012,Y
ct112,ct112,XTOPHE,1,0,UNKNOWN,,,,2014-10-19,2015-02-01,,Kerguelen continuous sampling 2014,Y
ft12,ft12,XTOPHE,1,0,UNKNOWN,,,,2012-10-01,2016-02-03,,Fluoro 2012,Y
hg37,hg37,NINA,1,0,UNKNOWN,,,,2012-10-10,2013-03-01,,Tromso Hg CTD 2012,Y
hg37g,hg37g,NINA,1,0,UNKNOWN,,,,2012-10-22,2013-11-01,,Tromso Hg CTD/GSM 2012,Y
ct97,ct97,XTOPHE,1,0,UNKNOWN,,,,2013-01-27,,,Photometer trial,N
ct99,ct99,AWI,1,0,UNKNOWN,,,,2013-01-23,2015-05-25,,AWI Marion CTD 2013,N
eb04,eb04,AFGAME,1,0,UN,,,,2016-06-30,2020-06-01,,Bearded/spotted seals CTD 2016/7,Y
ct102,ct102,AWI,1,0,UNKNOWN,,,,2013-11-05,2014-06-10,,Southern ellie CTD 2014,Y
wd06,wd06,AWI,1,0,UNKNOWN,,,,2014-01-20,2014-11-30,,Weddell seals CTD 2014,Y
ft18,ft18,XTOPHE,1,0,UNKNOWN,,,,2014-06-04,2017-01-01,,Rebatteried tags 2014,N
rs17,rs17,HOLLAND,1,0,UNKNOWN,,,,2013-08-01,2014-06-01,,Ringed seal CTD 2013,Y
ft15,ft15,IPHC,1,0,UNKNOWN,,,,2013-07-31,2014-02-14,,Green turtle 2013,N
NP02,NP02,NPOLAR,1,0,UNKNOWN,,,,2013-08-23,2013-12-01,,Beluga CTD 2013,Y
ct103,ct103,NPOLAR,1,0,UNKNOWN,,,,2013-07-11,2021-01-21,,Bearded seal GPS/CTD in storage,Y
rs19,rs19,HOLLAND,1,0,UNKNOWN,,,,2013-08-01,2014-07-01,,Ringed seal GPS/CTD 2013,Y
hg42,hg42,NINA,1,0,UNKNOWN,,,,2015-09-12,2019-03-25,,Tromso Hg CTD/GSM 2013,Y
ct104,ct104,SMRU,1,0,UNKNOWN,,,,2014-02-08,2015-01-27,,iStar Weddell/S Ellie CTD 2014,Y
ct105,ct105,GAO,1,0,UNKNOWN,,,,2013-12-01,2014-09-20,,Southern ellie/Weddell CTD 2014,Y
ct107,ct107,COSTA,1,0,UNKNOWN,,,,2014-01-25,2015-11-03,,Costa northern ellie CTD 2014,Y
ct129,ct129,COSTA,1,0,UNKNOWN,,,,2016-05-16,2018-08-01,,Refurb northern ellie CTD 2016b,Y
ft17,ft17,IPHC,1,0,UNKNOWN,,,,2014-03-28,2015-09-01,,Green turtle 2014,N
rs22,rs22,HOLLAND,1,0,UNKNOWN,,,,2014-08-01,2015-05-01,,Ringed seal CTD 2014,Y
rs23,rs23,HOLLAND,1,0,UNKNOWN,,,,2014-07-06,2016-05-10,,Ringed seal GPS/CTD 2014/5,Y
ct20,ct20,NMML,1,0,UNKNOWN,,,,2006-10-03,2007-10-01,,Bearded seals 2006,Y
ct113,ct113,AWI,1,0,UNKNOWN,,,,2016-01-16,,,Weddell seal  refurb CTD 2014,Y
bv3,bv3,NPOLAR,1,0,UNKNOWN,,,,2015-01-10,2015-12-01,,Bouvet ellies 2014,Y
ct114,ct114,COSTA,1,0,UNKNOWN,,,,2015-02-15,2018-12-01,,Costa northern ellie CTD 2015,Y
ct117,ct117,XTOPHE,1,0,UNKNOWN,,,,2015-01-06,2019-05-22,,Kerguelen CTD/Acc 2015,Y
wd07,wd07,AWI,1,0,UNKNOWN,,,,2016-01-20,2024-10-15,,Weddell seals CTD 2015,Y
ct3,ct3,XTOPHE,1,0,UNKNOWN,,,,2004-02-08,2018-01-01,,Kerguelen 2004,N
ct7,ct7,XTOPHE,1,0,UNKNOWN,,,,2005-01-18,2018-01-01,,Kerguelen 2005,N
ct11,ct11,IMOS,1,0,UNKNOWN,,,,2005-08-10,2005-12-17,,Kerguelen replacements 2005,N
ct16,ct16,XTOPHE,1,0,UNKNOWN,,,,2006-01-15,2013-01-01,,Kerguelen 2006,N
ct10,ct10,COSTA,1,0,UNKNOWN,,,,2005-02-01,2005-07-01,,Northern ellie Feb 2005,Y
ct10r,ct10r,COSTA,1,0,UNKNOWN,,,,2005-02-01,2005-07-01,,Northern ellie recovered data Feb 2005,Y
ct12,ct12,COSTA,1,0,UNKNOWN,,,,2005-06-01,2006-02-01,,Northern ellie post-moult females  2005,Y
ct12r,ct12r,COSTA,1,0,UNKNOWN,,,,2005-06-21,2005-11-10,,Northern ellie post-moult females recovered  2005,Y
ct13,ct13,COSTA,1,0,UNKNOWN,,,,2005-07-20,2006-02-01,,Northern ellie males Mexico  2005,Y
ct14,ct14,COSTA,1,0,UNKNOWN,,,,2006-01-10,2006-07-01,,Cape Shirreff CTD 2006,Y
ct15,ct15,COSTA,1,0,UNKNOWN,,,,2005-10-25,2006-02-01,,California sea lion CTD 2006,Y
ct17,ct17,COSTA,1,0,UNKNOWN,,,,2006-01-10,2006-08-12,,Northern ellie 2006,Y
ct17r,ct17r,COSTA,1,0,UNKNOWN,,,,2006-01-10,2006-08-12,,Northern ellie recovered 2006,Y
ct19,ct19,COSTA,1,0,UNKNOWN,,,,2006-08-13,2006-12-31,,Northern ellie post-moult 2006,Y
ct4,ct4,COSTA,1,0,UNKNOWN,,,,2004-06-05,2005-06-21,,Northern ellie 2004,Y
ct9,ct9,COSTA,1,0,UNKNOWN,,,,2005-02-01,2006-01-01,,Souther ellie CTD 2005,Y
hg47,hg47,ROQUET,1,0,UNKNOWN,,,,2016-03-30,,,Baltic Hg CTD/GSM 2015,Y
ct118,ct118,GOEBEL,1,0,UNKNOWN,,,,2015-02-12,,,AMLR Weddell seals CTD 2015,Y
ct95,ct95,XTOPHE,1,0,UNKNOWN,,,,2012-10-22,2013-03-31,,KerguelenNov 2012,Y
rs27,rs27,HOLLAND,1,0,UNKNOWN,,,,2015-08-01,2016-12-01,,Ringed seal CTD 2015,Y
NP04c,NP04c,NPOLAR,1,0,UNKNOWN,,,,2017-07-19,2023-11-22,,Beluga CTD 2015,Y
DL01,DL01,STANTEC,1,0,UNKNOWN,,,,2016-06-13,2019-06-03,,Beluga Fluoro CTD 2015,Y
eb03,eb03,STANTEC,1,0,UNKNOWN,,,,2015-08-10,2016-02-29,,Bearded/spotted seals Fluoro CTD 2015,Y
ag01,ag01,NPOLAR,1,0,UNKNOWN,,,,2016-01-01,2018-06-01,,Antarctic fur seal SRDL 2016,Y
ct120,ct120,XTOPHE,1,0,UNKNOWN,,,,2015-11-01,2024-10-15,,Kerguelen 2015,Y
ct121,ct121,GAO,1,0,UNKNOWN,,,,2016-01-10,2016-12-01,,Southern ellie/Weddell CTD 2016,Y
ct124,ct124,MUELBERT,1,0,UNKNOWN,,,,2015-12-01,2019-08-19,,CTD 2015,Y
ct125,ct125,COSTA,1,0,UNKNOWN,,,,2016-02-01,2016-06-01,,Refurb northern ellie CTD 2016,Y
ct126,ct126,COSTA,1,0,UNKNOWN,,,,2016-02-01,2016-06-01,,MBARI CTD 2016,Y
ct127,ct127,COSTA,1,0,UNKNOWN,,,,2016-01-15,2017-05-15,,July Campagna CTD 2016,Y
rs29,rs29,HOLLAND,1,0,UNKNOWN,,,,2016-08-04,2018-01-01,,Ringed seal GPS/CTD 2016,Y
ct130,ct130,NPOLAR,1,0,UNKNOWN,,,,2016-07-24,2017-06-01,,Ringed seal GPS/CTD 2016,Y
ft20,ft20,SANDRA,1,0,UNKNOWN,,,,2016-10-12,2017-08-01,,Fluoro 2016,N
ct132,ct132,XTOPHE,1,0,UNKNOWN,,,,2016-10-20,2017-01-06,,Kerguelen 2016,Y
kp01,kp01,IMOS,1,0,UNKNOWN,,,,2017-03-15,2017-09-30,,Kerguelen Plateau fishery 2017,Y
MY01,MY01,UNKNOWN,1,0,UNKNOWN,,,,2017-03-30,2017-11-01,,Bowhead Greenland 2017,N
ct137,ct137,COSTA,1,0,UNKNOWN,,,,2017-06-01,2018-05-15,,Refurb CTD 2017,Y
ft26,ft26,COSTA,1,0,UNKNOWN,,,,2018-10-12,2024-10-15,,MBARI Fluoro 2018,Y
ft25,ft25,NPOLAR,1,0,UNKNOWN,,,,2018-10-31,2025-01-01,,Weddell seals 2019,Y
wd11,wd11,UNKNOWN,1,0,UNKNOWN,,,,2019-02-03,2019-08-19,,Weddell seals CTD 2019,Y
ct153,ct153,LARS,1,0,UNKNOWN,,,,2020-02-01,2020-11-01,,TARSAN CTD 2019,Y
wd12,wd12,UNKNOWN,1,0,UNKNOWN,,,,2020-02-06,2024-02-08,,Weddell seals CTD 2020,Y
rs37,rs37,HOLLAND,1,0,UNKNOWN,,,,2021-07-25,2022-06-01,,Ringed seal GPS/CTD 2021,Y
ft28,ft28,UPWELL,1,0,UNKNOWN,,,,2021-05-08,2023-01-01,,Leatherback FTD 2021,Y
wd13,wd13,UNKNOWN,1,0,UNKNOWN,,,,2019-11-20,,,Weddell seals Nov 2019,Y
ct158,ct158,XTOPHE,1,0,UNKNOWN,,,,2011-03-26,2021-01-01,,Special tags 2020,Y
ft27,ft27,COSTA,1,0,UNKNOWN,,,,2021-02-01,2021-06-01,,MBARI Fluoro 2020,Y
wd14,wd14,AWI,1,0,UNKNOWN,,,,2021-02-11,2021-12-01,,Weddell seals CTD 2020,Y
ct159,ct159,XTOPHE,1,0,UNKNOWN,,,,2019-10-24,2021-06-01,,Refurbished tags 2020,Y
ct161,ct161,XTOPHE,1,0,UNKNOWN,,,,2020-12-24,2024-10-09,,Post-moult 2022,Y
ct162,ct162,HOKK,1,0,UNKNOWN,,,,2021-08-10,,,Ringed seals CTD 2020,Y
ct163,ct163,HOKK,1,0,UNKNOWN,,,,2021-06-01,,,Sea of Okhotsk CTD 2020,Y
hd09,hd09,UNKNOWN,1,0,UNKNOWN,,,,2019-03-15,,,Hooded seal 2019,Y
hg63,hg63,HAMMILL,1,0,UNKNOWN,,,,2019-07-03,2024-10-15,,Hammill Hg CTD 2019,Y
ct151,ct151,COSTA,1,0,UNKNOWN,,,,2019-06-03,2023-05-30,,Refurb CTD 2019,Y
ct152,ct152,XTOPHE,1,0,UNKNOWN,,,,2019-10-01,2020-03-25,,Kerguelen post-breeding 2019,Y
wd15,wd15,UNKNOWN,1,0,UNKNOWN,,,,2021-11-10,,,Weddell seals CTD refurb 2021 & 2023,Y
wd16,wd16,KOPRI,1,0,UNKNOWN,,,,2021-02-12,2022-02-01,,Weddell seals CTD 2020,Y
ct154,ct154,XTOPHE,1,0,UNKNOWN,,,,2019-10-15,2020-02-01,,Argentina post-breeding 2019,Y
ct155,ct155,XTOPHE,1,0,UNKNOWN,,,,2019-12-24,2020-12-01,,Kerguelen post-moult 2019,Y
rs36,rs36,HOLLAND,1,0,UNKNOWN,,,,2020-07-20,,,Ringed seal GPS/CTD 2020,Y
wd17,wd17,KOPRI,1,0,UNKNOWN,,,,2022-01-28,2022-10-01,,Weddell seals CTD 2021,Y
ct168,ct168,XTOPHE,1,0,UNKNOWN,,,,2020-12-24,2025-04-21,,Refurbished F/CTD 2021,Y
wd18,wd18,KOPRI,1,0,UNKNOWN,,,,2022-01-30,,,Weddell seals CTD 2022,Y
ft30,ft30,COSTA,1,0,UNKNOWN,,,,2022-02-01,2022-06-01,,MBARI Fluoro 2022,A
tu117,tu117,IMOS,1,0,UNKNOWN,,,,2022-05-20,2024-04-01,,IMOS Olive ridley turtle CTD GPS 2021,N
ct173,ct173,HOKK,1,0,UNKNOWN,,,,,,,Sea of Okhotsk CTD 2022,Y
ct174,ct174,COSTA,1,0,UNKNOWN,,,,2023-01-26,2024-01-01,,MBARI CTD 2023 (ATN + TESAC GTS),A
ft35,ft35,COSTA,1,0,UNKNOWN,,,,2024-01-13,2024-06-01,,MBARI Fluoro 2024,A
ct181,ct181,COSTA,1,0,UNKNOWN,,,,2024-01-22,,,MBARI CTD 2024,A
ct183,ct183,XTOPHE,1,0,UNKNOWN,,,,2024-09-11,2025-03-01,,Kerguelen post-breeding 2024,Y
wd32,wd32,IMOS,1,0,UNKNOWN,,,,2025-03-01,2025-04-26,,IMOS Denman Marine Weddell seals 2025 (no tags deployed),Y
ct167,ct167,LARS,1,0,UNKNOWN,,,,2022-02-10,2024-12-18,,CTD 2021,Y
tu115,tu115,BOUSQUET,1,0,UNKNOWN,,,,2021-12-05,,,Leatherback Fluoro 2021,Y
ct169,ct169,COSTA,1,0,UNKNOWN,,,,2022-02-14,2022-06-01,,MBARI CTD 2022,A
wd21,wd21,PINONES,1,0,UNKNOWN,,,,2022-02-13,2022-12-31,,Weddell seals CTD 2022,Y
wd22,wd22,IMOS,1,0,UNKNOWN,,,,,,,Weddell seals CTD 2022,Y
rs38,rs38,HOKK,1,0,UNKNOWN,,,,2023-08-10,2024-05-01,,Ringed seals CTD Greenland 2022,Y
ft31,ft31,UPWELL,1,0,UNKNOWN,,,,2022-05-04,2023-02-01,,West Atlantic Adult Leatherbacks 2022,Y
wd24,wd24,KOPRI,1,0,UNKNOWN,,,,2023-01-26,,,Weddell seals CTD 2023,Y
ct171,ct171,XTOPHE,1,0,UNKNOWN,,,,2020-12-24,2024-06-01,,Fluoro 2022,Y
wd25,wd25,PINONES,1,0,UNKNOWN,,,,2023-02-01,2023-03-15,,Weddell seals CTD 2022,Y
wd26,wd26,YGO,1,0,UNKNOWN,,,,2024-01-01,2025-02-25,,Weddell seals CTD 2023,Y
wd29,wd29,KOPRI,1,0,UNKNOWN,,,,2023-12-04,,,Weddell seals - Jang Bogo Station CTD 2025,Y
ct179,ct179,FEDAK,1,0,UNKNOWN,,,,2024-02-15,2025-03-18,,PICCOLO,Y
ct185,ct185,XTOPHE,1,0,UNKNOWN,,,,2025-01-20,,,Post-moult 2024-2025,Y
tu123,tu123,IMOS,1,0,UNKNOWN,,,,2025-04-22,2025-05-06,,IMOS Olive ridley turtles CTD GPS 2025,Y
ct165,ct165,XTOPHE,1,0,UNKNOWN,,,,2020-12-24,2022-04-01,,Peninsula Valdes 2021,Y
ct166,ct166,LOCEAN,1,0,UNKNOWN,,,,2022-10-16,2024-02-01,,Mini CT IST,Y
ft29,ft29,LARS,1,0,UNKNOWN,,,,2022-02-10,2023-12-14,,Fluoro 2021,Y
wd19,wd19,UNKNOWN,1,0,UNKNOWN,,,,2011-03-26,2011-10-08,,Weddell seals CTD 2021,Y
wd20,wd20,UNKNOWN,1,0,UNKNOWN,,,,2023-01-26,,,Weddell seals CTD 2023,Y
wd23,wd23,AWI,1,0,UNKNOWN,,,,2025-01-25,,,Weddell seals CTD 2025,Y
tu119,tu119,SATO,1,0,UNKNOWN,,,,2022-07-20,,,Loggerhead CTD 2022,Y
ct172,ct172,LARS,1,0,UNKNOWN,,,,2022-08-28,,,ARES 2022,Y
ft32,ft32,COSTA,1,0,UNKNOWN,,,,2023-01-26,2024-01-01,,MBARI Fluoro 2023 (ATN + TESAC GTS),A
tu120,tu120,IMOS,1,0,UNKNOWN,,,,2022-10-06,,,IMOS Flatback turtle CTD GPS 2021,N
ct180,ct180,IMOS,1,0,UNKNOWN,,,,2023-12-20,2025-03-01,,Kerguelen refurbished CTD 2023/2024,Y
ct188,ct188,IMOS,1,0,UNKNOWN,,,,2025-03-01,2025-03-02,,Macquarie Island 2025,Y
tu114,tu114,BOUSQUET,1,0,UNKNOWN,,,,2021-12-05,,,Loggerhead CTD/fluoro 2021,Y
wd27,wd27,IMOS,1,0,UNKNOWN,,,,2023-01-20,,,Weddell seals Terra Nova 2023,Y
wd28,wd28,KOPRI,1,0,UNKNOWN,,,,2024-01-15,,,Weddell seals - Thwaites Glacier CTD 2024,Y
ct175,ct175,XTOPHE,1,0,UNKNOWN,,,,2023-05-22,2024-06-01,,Oxygen 2023,Y
ct177,ct177,XTOPHE,1,0,UNKNOWN,,,,2024-02-09,,,Kerguelen CTD 2024,Y
wd30,wd30,IMOS,1,0,UNKNOWN,,,,2024-02-01,,,Weddell seals CTD 2024,Y
wd31,wd31,UNKNOWN,1,0,UNKNOWN,,,,2024-02-11,,,Dumont d'Urville Weddell seal CTD 2024,Y
ct182,ct182,IMOS,1,0,UNKNOWN,,,,2024-09-30,,,IMOS Kerguelen 2024,Y
ft36,ft36,UPWELL,1,0,UNKNOWN,,,,,,,West Atlantic Leatherbacks CTF 2024,Y
rs28,rs28,HAMMILL,1,0,UNKNOWN,,,,2016-03-16,2016-03-17,,ringed seals 2016,N
rs18,rs18,HAMMILL,1,0,UNKNOWN,,,,2013-09-05,2013-10-24,,ringed seals 2013,N
rs11,rs11,HAMMILL,1,0,UNKNOWN,,,,2012-10-29,2012-12-30,,ringed seals 2012,N
rs9,rs9,HAMMILL,1,0,UNKNOWN,,,,2011-10-29,2012-04-30,,ringed seals 2011,N
rs6,rs6,HAMMILL,1,0,UNKNOWN,,,,2010-10-17,2011-06-06,,ringed seals 2010,N
MH6,MH6,HAMMILL,1,0,UNKNOWN,,,,2009-08-10,2010-01-06,,beluga ctd 2009,N
MH5,MH5,HAMMILL,1,0,UNKNOWN,,,,2008-08-17,2009-01-22,,beluga ctd 2008,N
hg19,hg19,HAMMILL,1,0,UNKNOWN,,,,2008-06-17,2009-01-13,,greys 2008,N
MH4,MH4,HAMMILL,1,0,UNKNOWN,,,,2008-03-13,2009-04-04,,Hammill Hoods 2008,N
hd6,hd6,HAMMILL,1,0,UNKNOWN,,,,2007-07-22,2008-06-24,,Hoods greenland 2007,N
hd5g,hd5g,HAMMILL,1,0,UNKNOWN,,,,2005-07-24,2006-06-14,,Hoods greenland 2005,N
hp2,hp2,HAMMILL,1,0,UNKNOWN,,,,2004-05-23,2005-10-23,,harps 2004,N
MH3,MH3,HAMMILL,1,0,UNKNOWN,,,,2007-08-15,2007-11-12,,beluga 2007,N
MH2,MH2,HAMMILL,1,0,UNKNOWN,,,,2004-08-15,2005-05-04,,beluga 2004,N
MH1,MH1,HAMMILL,1,0,UNKNOWN,,,,2003-07-09,2004-02-15,,beluga 2003,N
hg5,hg5,HAMMILL,1,0,UNKNOWN,,,,2004-06-13,2005-06-17,,Hammill greys 2004,N
hp1,hp1,HAMMILL,1,0,UNKNOWN,,,,2004-07-13,2005-04-12,,Hammill Harps 2004,N
hd1,hd1,HAMMILL,1,0,UNKNOWN,,,,2004-06-07,2010-01-03,,Hammill Hoods 2004,N
hg9,hg9,HAMMILL,1,0,UNKNOWN,,,,2007-01-14,2007-11-13,,Sable Greys 2007,N
hg4,hg4,HAMMILL,1,0,UNKNOWN,,,,2004-04-11,2005-05-28,,Bowen Greys 2004,N
tu34,tu34,HAMMILL,1,0,UNKNOWN,,,,2006-08-15,2009-10-17,,Leatherbacks 2006,N
rs3,rs3,HAMMILL,1,0,UNKNOWN,,,,2005-01-24,2009-03-26,,Ringed seals,N
wd2,wd2,HINDELL,1,0,UNKNOWN,,,,2011-03-26,2011-10-08,,Weddell seals CTD 2006,N
sk3,sk3,BLOCK,1,0,UNKNOWN,,,,2015-05-08,,,Salmon Sharks 2015,Y
